group,series,t,algae,coral
1,1,1,0.10640284429580671,0.8376597333170489
1,1,2,0.09374469987024349,0.8286429645912559
1,1,3,0.08197966549347416,0.79529432402542
1,1,4,0.08195083829002496,0.7845745561324106
1,1,5,0.07947492330054776,0.7795236982783771
1,1,6,0.07569025303319848,0.7485209623554195
1,1,7,0.06530253089933791,0.7704091958902837
1,1,8,0.0745046528963915,0.7160394888593538
1,1,9,0.06622269059823345,0.7593061601670631
1,1,10,0.06671855642537214,0.7486852886340571
1,1,11,0.07180429427165964,0.7319987070325212
1,1,12,0.06356330378870699,0.741457187354554
1,1,13,0.05615502114693526,0.824024995086539
1,1,14,0.05422903638566022,0.809682843124355
1,1,15,0.05307658155556518,0.8509127018961219
1,1,16,0.0389678539544518,0.843844978958346
1,1,17,0.037065964763058463,0.8204546067648523
1,1,18,0.03146011225381175,0.8673638689291685
1,1,19,0.024113130223638153,0.8772757526420075
1,1,20,0.021445015368272046,0.8502688889740475
1,1,21,0.019269658334376414,0.8388693296716307
1,1,22,0.018530123486799596,0.8418049331197952
1,1,23,0.014635967300953632,0.8672411596596825
1,1,24,0.011959552949418188,0.8426949423776511
1,1,25,0.008347331832822068,0.8871097611109825
1,1,26,0.0056174694846217775,0.9028727189953165
1,1,27,0.0042399654997820795,0.9151511473639199
1,1,28,0.002748610258404118,0.9127101090738453
1,1,29,0.0021112175920024534,0.8814827324820993
1,1,30,0.002024125988216494,0.8792243963924335
1,1,31,0.0012987832694395258,0.9097314154124876
1,1,32,0.0009927794147090423,0.893086933361831
1,1,33,0.000711688554906911,0.9209229888446647
1,1,34,0.00045338756117043795,0.9376205985464685
1,1,35,0.00027200602894696205,0.9397847029210344
1,1,36,0.0001459534171599961,0.921896220090546
1,1,37,6.979665255125512e-5,0.9460312090357605
1,1,38,3.94531839913223e-5,0.9432344153721093
1,1,39,2.0857087340695383e-5,0.9155072692331638
1,1,40,1.1368379011160644e-5,0.9539228392377299
1,1,41,4.311016382741903e-6,0.9364432984119573
1,1,42,2.7887912871290456e-6,0.9272480748696174
1,1,43,2.0668754440448046e-6,0.9051371672795692
1,1,44,9.640606779323645e-7,0.9390084576205097
1,1,45,4.495643526068937e-7,0.9403400126348137
1,1,46,2.587810659339927e-7,0.9376813269147481
1,1,47,1.4140189406926368e-7,0.9277356335550206
1,1,48,7.221876144782478e-8,0.9368318414475717
1,1,49,2.9205050213763692e-8,0.9669344596726521
1,1,50,2.905576942347778e-9,0.9798737571880581
1,1,51,5.249914445044647e-10,0.9676078342336499
1,1,52,2.1250367729051737e-10,0.931224056628398
1,1,53,1.1766948925705005e-10,0.9378622116763874
1,1,54,7.596425906031933e-11,0.9240129514640357
1,1,55,4.3119953061615773e-11,0.9256981468810597
1,1,56,2.5612841804224087e-11,0.9351050051194599
1,1,57,1.6441687021278218e-11,0.9183662240414154
1,1,58,1.207174482867082e-11,0.914474182799215
1,1,59,6.633919596972054e-12,0.9514182655003403
1,1,60,3.843003168483538e-12,0.9440146039148254
1,1,61,8.33207633968758e-13,0.9696806455803674
1,1,62,2.623756643740116e-13,0.9496145753754651
1,1,63,1.1934316402405656e-13,0.9424804847896588
1,1,64,8.479874428526938e-14,0.9254029972737038
1,1,65,4.319573718694212e-14,0.9395527780115983
1,1,66,2.58958525287694e-14,0.9213927176861223
1,1,67,1.9063411590815177e-14,0.9046477353784251
1,1,68,9.526870771309113e-15,0.9651085293324638
1,1,69,4.5254846894993765e-15,0.9075146989906314
1,1,70,4.1482204012235115e-15,0.9053048781156308
1,1,71,2.4919223559063547e-15,0.9144571877679324
1,1,72,1.461612202025162e-15,0.9323652485175135
1,1,73,9.896053179290989e-16,0.8924717757727432
1,1,74,6.489334492020961e-16,0.9010070675934492
1,1,75,4.885704257054161e-16,0.8684887860700016
1,2,1,0.5182488426270974,0.0988755059814066
1,2,2,0.4877412168058504,0.09720111328885463
1,2,3,0.4777890637054092,0.09518702871367421
1,2,4,0.5234624358667594,0.08751517685261997
1,2,5,0.5752413413154424,0.09393885608745785
1,2,6,0.4561551936814137,0.08852057954379863
1,2,7,0.4541800276702143,0.0742408635817174
1,2,8,0.4510933503106835,0.0786616857452583
1,2,9,0.4755749950723946,0.0714797596705821
1,2,10,0.5039360805852636,0.07914989640768007
1,2,11,0.5153903050312013,0.07568684270194732
1,2,12,0.4578666656211565,0.07247014089414765
1,2,13,0.4672831944879568,0.06419868366204143
1,2,14,0.45594946549278303,0.06264843084649807
1,2,15,0.4399660669505118,0.059729539143881065
1,2,16,0.4877261647226716,0.0652930810053653
1,2,17,0.47714553301033624,0.06551247659452056
1,2,18,0.48301400514420945,0.06330730147699629
1,2,19,0.48676250114167274,0.06427187276878375
1,2,20,0.5273822894060934,0.060581850716282366
1,2,21,0.5344323273140614,0.05842085780309251
1,2,22,0.5031548636152454,0.05711820504321882
1,2,23,0.500083898404477,0.04715750346255839
1,2,24,0.5351350542453931,0.05120613043960677
1,2,25,0.5223572674411405,0.05135358486514206
1,2,26,0.525813231767041,0.04911701261194959
1,2,27,0.549249819108336,0.05000427802298817
1,2,28,0.4990156655125742,0.046479841132991605
1,2,29,0.586353248568396,0.039908377506625126
1,2,30,0.5264740433453964,0.038035763022311445
1,2,31,0.558260186029168,0.04254512850830541
1,2,32,0.5336784099869115,0.03937895772611726
1,2,33,0.540454479102195,0.03414981690139236
1,2,34,0.5345380461859911,0.030190178250465115
1,2,35,0.5320108086177762,0.033868164427649304
1,2,36,0.49568955966089984,0.026371827433042352
1,2,37,0.5340083104521555,0.027546817858218126
1,2,38,0.5765938095097458,0.027796343486676565
1,2,39,0.5521860642820513,0.027785491045899384
1,2,40,0.5403771158562056,0.026150117166861258
1,2,41,0.5325735176773521,0.025445609841584112
1,2,42,0.5004763230009618,0.02300161191448416
1,2,43,0.5541413372423231,0.021418838158624626
1,2,44,0.5822169049591028,0.022608538077273598
1,2,45,0.57881640803403,0.020405546497882204
1,2,46,0.5903286937315373,0.01988945621663792
1,2,47,0.5380449092826376,0.018408172387709937
1,2,48,0.5304432758638191,0.01727774324807845
1,2,49,0.547857582779141,0.016037133869246586
1,2,50,0.5145319535814984,0.015012002757656942
1,2,51,0.4974645428904058,0.014251688149752195
1,2,52,0.4699822611917448,0.013848225642273466
1,2,53,0.5121617718598834,0.015892798956862166
1,2,54,0.5047216558504962,0.013210352574809537
1,2,55,0.5008902604959349,0.01294118742486232
1,2,56,0.5573782288482757,0.011966931872248105
1,2,57,0.5343577293363871,0.011581702400103007
1,2,58,0.5305237992508852,0.010675352021470024
1,2,59,0.5239021067387121,0.01130366752801631
1,2,60,0.5582364842668506,0.010751630828941514
1,2,61,0.49982977738402895,0.010995345420587667
1,2,62,0.5822195391823587,0.010814718780182394
1,2,63,0.5255287060518005,0.011458164075701724
1,2,64,0.5593171879487701,0.010917701051735718
1,2,65,0.5221843677241044,0.008518946397054352
1,2,66,0.5209619064766835,0.008654042672289893
1,2,67,0.534234784328289,0.007562254251688819
1,2,68,0.5206105131569307,0.0077951368004055615
1,2,69,0.5393128506296054,0.007352440970314179
1,2,70,0.5498137079015014,0.008098652968028903
1,2,71,0.514199674500273,0.006936890356144436
1,2,72,0.5151755521924655,0.006538790730631082
1,2,73,0.5932170844993043,0.006783732138551026
1,2,74,0.5617761596985871,0.006125787528356921
1,2,75,0.48844541372568046,0.005762406673187449
1,3,1,0.15946668110306977,0.09000587280844961
1,3,2,0.22280154496573634,0.12465566119605848
1,3,3,0.15613967473379897,0.11818728557256734
1,3,4,0.21331906462899888,0.12706463289461556
1,3,5,0.16352121714543164,0.1169023266705237
1,3,6,0.15725238416912143,0.13429468733022007
1,3,7,0.19873100224163662,0.16291872317430098
1,3,8,0.20366249815006335,0.1594412081641681
1,3,9,0.19381746372127145,0.19688631298389403
1,3,10,0.18777749098828167,0.1769060124307829
1,3,11,0.20292396238143334,0.21293770151729338
1,3,12,0.20763873732653942,0.2263320286579549
1,3,13,0.2035212585223928,0.2181273125991323
1,3,14,0.218817879346544,0.24404114964379556
1,3,15,0.2023545611011033,0.23156782329567666
1,3,16,0.2111085779812631,0.24715142796608713
1,3,17,0.24600933896704363,0.2949553139644614
1,3,18,0.22725164199422823,0.28999498788932837
1,3,19,0.24750529973867558,0.2710834961301599
1,3,20,0.24791980366304361,0.2962858307990958
1,3,21,0.24652768425390895,0.32086325588083486
1,3,22,0.2565484131332202,0.3202649139270189
1,3,23,0.27257849722189187,0.3284587674398197
1,3,24,0.2921563906170901,0.35023074940612214
1,3,25,0.2720185645891183,0.3339804958396368
1,3,26,0.29387503609900406,0.3559394229928625
1,3,27,0.3042972874821242,0.3357642699344599
1,3,28,0.28646326852302934,0.32396410151591465
1,3,29,0.28577295473318315,0.3021315833624007
1,3,30,0.3372401126485914,0.30054018469285987
1,3,31,0.3049389622385737,0.285766525962035
1,3,32,0.3458225142212313,0.31117636506660595
1,3,33,0.3634114958098674,0.3008105660817957
1,3,34,0.3570845584538964,0.3148144228106843
1,3,35,0.402637638022069,0.3200034617517761
1,3,36,0.36714823589395396,0.2867942062316792
1,3,37,0.4143821482947683,0.27353083390001304
1,3,38,0.406025773970422,0.2554494568887979
1,3,39,0.40954804388819627,0.258977285014357
1,3,40,0.4216792325752734,0.25079136017135956
1,3,41,0.39170816165496797,0.24233187066123427
1,3,42,0.4185984004775097,0.26785594667360263
1,3,43,0.44415646883135035,0.21211768094596528
1,3,44,0.43017033229095347,0.19941305289433828
1,3,45,0.44464062823030687,0.2145580660933549
1,3,46,0.4453295268454795,0.18955054284721248
1,3,47,0.46044638666452925,0.196522739386548
1,3,48,0.45100940032057885,0.18395206372447745
1,3,49,0.4464081039068473,0.19699514909838883
1,3,50,0.4624448942791143,0.1707864035301592
1,3,51,0.4819538085511719,0.16838235150753222
1,3,52,0.44253378589184006,0.15083786518723283
1,3,53,0.4759058613578128,0.1420932106559051
1,3,54,0.45304157007623164,0.1166081026260828
1,3,55,0.47260998482820826,0.11661538258780137
1,3,56,0.4560052596539483,0.1189582519122749
1,3,57,0.47149586073977734,0.13159820146186507
1,3,58,0.5303559563266268,0.11157858170620968
1,3,59,0.5520686751027305,0.10209327011849847
1,3,60,0.5276657175598908,0.09489440592963176
1,3,61,0.5220028477754795,0.10181882733323662
1,3,62,0.5313710621139064,0.0895929765377022
1,3,63,0.5306189607257801,0.07893481264457167
1,3,64,0.5236033564751604,0.08508437813242375
1,3,65,0.5552321514149079,0.07178336995268017
1,3,66,0.5474633773727224,0.076680423384945
1,3,67,0.5085097119182886,0.06851474547205359
1,3,68,0.5691034765141062,0.07219225846148584
1,3,69,0.5218657679827302,0.0802042034252806
1,3,70,0.5191720325516653,0.07288171694828824
1,3,71,0.4882388944593662,0.06256314153965302
1,3,72,0.45415210455589167,0.057137689222256004
1,3,73,0.48001168441909886,0.06342759892638261
1,3,74,0.4123940947402111,0.055982642195581106
1,3,75,0.48215221120029955,0.05334089599140225
1,4,1,0.1037241187832135,0.31831414629959504
1,4,2,0.10603194540808474,0.3170085223922366
1,4,3,0.09504936817748018,0.3367482569524257
1,4,4,0.10604809763619606,0.41550529068817443
1,4,5,0.10504589335174337,0.4005224352293141
1,4,6,0.10932769212385003,0.4110923570960364
1,4,7,0.12297990410325303,0.43235702567140494
1,4,8,0.1202551280094885,0.4372389492160582
1,4,9,0.11074724417376708,0.47766638622119834
1,4,10,0.12952624337622853,0.4818940572996603
1,4,11,0.15168217599849712,0.489846885516745
1,4,12,0.13651696353756676,0.47216407461927873
1,4,13,0.1340043895642549,0.5121273247610493
1,4,14,0.1253804938320196,0.48854311008791657
1,4,15,0.12008771637275262,0.48348531723134996
1,4,16,0.13750630453736165,0.5132802582625432
1,4,17,0.16297474936609688,0.5073826285950891
1,4,18,0.13706122926501024,0.47098294467863466
1,4,19,0.14216829948378487,0.5087697088233616
1,4,20,0.1366488887574463,0.5331533946913511
1,4,21,0.153627588208911,0.5281539099039763
1,4,22,0.15749088926604288,0.5761734626924815
1,4,23,0.1634393970593675,0.5572721690473356
1,4,24,0.17242314631274142,0.5586014431873061
1,4,25,0.16944395510598584,0.5202205566794255
1,4,26,0.17594907446044783,0.5437308943595609
1,4,27,0.18899520116289215,0.569708091107175
1,4,28,0.16983364712535376,0.5623632996954332
1,4,29,0.1817824924578219,0.5336342782945142
1,4,30,0.18172384130102884,0.5154659162728554
1,4,31,0.17539296121713885,0.556088890411731
1,4,32,0.18293968654569276,0.5340977159279984
1,4,33,0.18268801924542402,0.5123792677126134
1,4,34,0.19809705139751482,0.5512294121271588
1,4,35,0.1999067530938977,0.526898949422258
1,4,36,0.18912424333784644,0.5433942206524699
1,4,37,0.18794449981174768,0.543338009934126
1,4,38,0.19822361056575064,0.5027257498064119
1,4,39,0.21241782407109758,0.5302307439070066
1,4,40,0.21120727130974223,0.5066403970536764
1,4,41,0.2286076385641758,0.5392514199233327
1,4,42,0.2109520270748396,0.468481992819166
1,4,43,0.2385782627124093,0.4667623477581457
1,4,44,0.24397344575463575,0.46016121673775334
1,4,45,0.23609098531848957,0.4469639114075113
1,4,46,0.27058444308759616,0.4940413271983631
1,4,47,0.2467249054323104,0.4916289062118738
1,4,48,0.2457044943778809,0.4638257440470792
1,4,49,0.25656000026678155,0.4461996270819402
1,4,50,0.268405328244942,0.4468598204957274
1,4,51,0.26278823195364387,0.3946521636769663
1,4,52,0.2526248307712072,0.45703085676952243
1,4,53,0.2763760422898101,0.43349529249110746
1,4,54,0.2556050583558298,0.4181274130126197
1,4,55,0.23795100130535152,0.3840109689221445
1,4,56,0.2567458980630992,0.3845959517278024
1,4,57,0.2555948150391997,0.4224603883211073
1,4,58,0.2572010882748434,0.38692661720248717
1,4,59,0.2876142458282448,0.40216985153122986
1,4,60,0.25480087580632593,0.43893468635914307
1,4,61,0.2585816900948577,0.4049739121637883
1,4,62,0.2711538083795786,0.3914952809882654
1,4,63,0.27697404216928956,0.4256883293127765
1,4,64,0.27864964443993,0.4116754313863243
1,4,65,0.23739446408317966,0.38681234520401425
1,4,66,0.26861928678367947,0.407428328261732
1,4,67,0.2848839455733258,0.4659232381851508
1,4,68,0.26562892783523123,0.37226353909397386
1,4,69,0.2839847668618155,0.406010627289985
1,4,70,0.2902160942314939,0.38224542886774426
1,4,71,0.28838644681288955,0.419339395301292
1,4,72,0.30640868887319,0.3743821837407069
1,4,73,0.2910548908777682,0.3592452114041525
1,4,74,0.3137049809933365,0.39393420393035794
1,4,75,0.30829308458826804,0.3654846395613196
2,5,1,0.0982080970306209,0.8543828469698339
2,5,2,0.07882535606239745,0.8526563669410373
2,5,3,0.06693740092831434,0.8498963690617791
2,5,4,0.046443506862270334,0.853570936404338
2,5,5,0.03611417536795228,0.8767469119125262
2,5,6,0.026792462031643368,0.884807312169372
2,5,7,0.02175225248244669,0.8830089184982568
2,5,8,0.012370141909257127,0.8887981609103073
2,5,9,0.00965997057169153,0.8910839112801504
2,5,10,0.00586800067477444,0.9063533841153861
2,5,11,0.004876890354764071,0.9051102862814918
2,5,12,0.0025088230096006873,0.9086828971796651
2,5,13,0.001557189448772353,0.8845801787512407
2,5,14,0.00146115053439469,0.8612510117449083
2,5,15,0.000977780533046051,0.8520921226923912
2,5,16,0.0006204083310559343,0.8827324367626366
2,5,17,0.0005055426159385498,0.860477419239375
2,5,18,0.00038589126370609876,0.883146868141203
2,5,19,0.0003444422528649926,0.8864788433274755
2,5,20,0.00022075162321776937,0.9001279521405712
2,5,21,0.00015384385827710374,0.8792587732300899
2,5,22,0.00011443317838380013,0.8723938480822441
2,5,23,7.563460631355703e-5,0.910804422290949
2,5,24,4.533754790404525e-5,0.9056131953612673
2,5,25,2.7628773638340856e-5,0.907145259760418
2,5,26,1.9294198509846563e-5,0.8643103433301338
2,5,27,1.2611656970596665e-5,0.8748379987171019
2,5,28,8.933067931697618e-6,0.8845100610790223
2,5,29,7.729954435462016e-6,0.8767444706578696
2,5,30,5.138899061490835e-6,0.9107370285787864
2,5,31,3.063371933536028e-6,0.924614850906686
2,5,32,1.7823598227837679e-6,0.8941157441884662
2,5,33,1.1338337172091768e-6,0.9116702803212345
2,5,34,7.587748942038687e-7,0.9183804020780827
2,5,35,4.97533646839964e-7,0.8923285582598798
2,5,36,3.698149940257875e-7,0.8740819091489928
2,5,37,2.9167333855860293e-7,0.8298099279821176
2,5,38,2.511314823930711e-7,0.8260378626204006
2,5,39,1.908918995598652e-7,0.8370673026760076
2,5,40,1.5723020170883926e-7,0.8222512273780491
2,5,41,1.3861857649186619e-7,0.8423023879472414
2,5,42,9.41924314131322e-8,0.8955653422839583
2,5,43,4.497896713569075e-8,0.9208973650306289
2,5,44,1.7550920896016324e-8,0.9407692551320586
2,5,45,5.676507883851368e-9,0.9426655441545181
2,5,46,2.058459046732385e-9,0.9415752453806805
2,5,47,9.64400487058258e-10,0.9277668508342842
2,5,48,5.878537692703493e-10,0.9249623335246363
2,5,49,2.395788637404951e-10,0.9552420512510874
2,5,50,1.0359940308890926e-10,0.9524118361053273
2,5,51,2.691586190984075e-11,0.9666605578530156
2,5,52,7.504821691536871e-12,0.9371766914675995
2,5,53,2.290060374560971e-12,0.9629359904533756
2,5,54,8.792211171064959e-13,0.9316043758381636
2,5,55,5.780630236525111e-13,0.8839441514063361
2,5,56,3.540959941193506e-13,0.9211301948466778
2,5,57,2.323868218575419e-13,0.9352963161262027
2,5,58,1.2118081127473413e-13,0.9133076948678066
2,5,59,6.71689861460776e-14,0.9133509401949131
2,5,60,4.369791686960138e-14,0.9054699614999114
2,5,61,2.870321293214536e-14,0.899841298179863
2,5,62,2.1747503604086398e-14,0.866397429637163
2,5,63,1.444064398656837e-14,0.9017834449096634
2,5,64,9.201167434992539e-15,0.9055328196413965
2,5,65,5.375629636935278e-15,0.9170478240577419
2,5,66,2.58982219631649e-15,0.9161932636464563
2,5,67,1.2593742316607698e-15,0.935125038043204
2,5,68,8.604226502996715e-16,0.9096038129627799
2,5,69,4.532118263651564e-16,0.9106817283801377
2,5,70,1.9716557819287393e-16,0.9596604729500228
2,5,71,1.2356714690238528e-17,0.9848744206299913
2,5,72,9.988989559774056e-19,0.9759060100006752
2,5,73,1.9822664829790892e-19,0.9560405118699737
2,5,74,9.285662999879358e-20,0.8832365358925631
2,5,75,5.254312977464742e-20,0.913107238322741
2,6,1,0.46658936420265035,0.09127387685903186
2,6,2,0.4728168616241686,0.10741220638374523
2,6,3,0.551394711515416,0.08648079302494006
2,6,4,0.5167878914425633,0.08841497615468477
2,6,5,0.5290002843618263,0.08985570167017447
2,6,6,0.5784708840518847,0.07886583581999113
2,6,7,0.5676767476639337,0.08415750326275324
2,6,8,0.5525857713382148,0.06849923859963655
2,6,9,0.517187435579826,0.07083315041560957
2,6,10,0.6101244350323384,0.06517935939636814
2,6,11,0.5156234164603091,0.05845334389492511
2,6,12,0.5291325488814033,0.055626601939628324
2,6,13,0.46527051379045614,0.04964793639514756
2,6,14,0.5363008387665333,0.0513150851719121
2,6,15,0.4738270085565356,0.04970497601062665
2,6,16,0.4642701710943332,0.055210595702060695
2,6,17,0.5316970418247757,0.0604429237370757
2,6,18,0.4377176922086113,0.049268497023234534
2,6,19,0.43738449767456994,0.048558199294432336
2,6,20,0.4849748555171015,0.048345090659996946
2,6,21,0.4859007434041638,0.04406396191714725
2,6,22,0.5323685398910375,0.05063605000651246
2,6,23,0.5207338005858991,0.043162511141512046
2,6,24,0.46979129532721037,0.03893321773655595
2,6,25,0.5201333736525224,0.04704660832409112
2,6,26,0.4973322406238505,0.036639586874944514
2,6,27,0.4754991358746764,0.041541225999788975
2,6,28,0.5287807401499023,0.03771441417123908
2,6,29,0.4911637567215953,0.03734755594319406
2,6,30,0.5490667617096,0.0388134007778679
2,6,31,0.5334455025219877,0.03708851625329938
2,6,32,0.4469044456834367,0.029700890431507067
2,6,33,0.4963596217475261,0.036771452858537536
2,6,34,0.46669883068480583,0.026859145314392183
2,6,35,0.45825575952885184,0.02993786892627782
2,6,36,0.48573808353003517,0.028056847601817446
2,6,37,0.4917799940299081,0.031213999635133445
2,6,38,0.43565043651760554,0.02829851647670725
2,6,39,0.4856142324319529,0.03097109052019159
2,6,40,0.4481653582910948,0.030143355867461807
2,6,41,0.40421609741758807,0.02888053687189538
2,6,42,0.447029768924766,0.029731124656485978
2,6,43,0.44737798853911503,0.03263689280026457
2,6,44,0.38970673122430316,0.028802459791031854
2,6,45,0.4544731300766711,0.034319674755139404
2,6,46,0.43763259952322947,0.03416741607228836
2,6,47,0.48104941292376435,0.03694365602847303
2,6,48,0.42726355310606673,0.03858945902771056
2,6,49,0.41179938817204903,0.03669940195788294
2,6,50,0.45647402082181804,0.03314137187519792
2,6,51,0.44145893356748034,0.036395598529179285
2,6,52,0.3892491523599466,0.029896515016291994
2,6,53,0.3897510435753683,0.03207127355525388
2,6,54,0.4156755272279352,0.035794249171119896
2,6,55,0.3584196990495491,0.03151998132103419
2,6,56,0.3922546195056931,0.04024022424176155
2,6,57,0.4456027867163877,0.037389189710795405
2,6,58,0.4003893593088493,0.03536526232990524
2,6,59,0.4066898689382642,0.03922154028694756
2,6,60,0.45973939166534383,0.03764446690543325
2,6,61,0.4382505830750262,0.03556352207386072
2,6,62,0.37073393363886736,0.03387427133334391
2,6,63,0.3962864863524829,0.036039671720126086
2,6,64,0.4052453609635592,0.04610526294784427
2,6,65,0.31341868849441057,0.035215005661144126
2,6,66,0.4005117168466004,0.03667186426143002
2,6,67,0.3998816872551696,0.03813258233997637
2,6,68,0.3911745148918663,0.03764831460882049
2,6,69,0.4231752049868466,0.04540804960488231
2,6,70,0.36537945844452124,0.039669116635683885
2,6,71,0.4011201722974198,0.04614362952916937
2,6,72,0.3981445585427015,0.044539939907110325
2,6,73,0.41354375967302376,0.04305329367722696
2,6,74,0.41174569879934986,0.043045124277971865
2,6,75,0.4412612511676235,0.052797970883507836
2,7,1,0.17647896753852713,0.10704155937076064
2,7,2,0.211604407331619,0.13054373916560874
2,7,3,0.19542219571916672,0.11941782767721044
2,7,4,0.1708853170937445,0.1177341153572375
2,7,5,0.19440681996919168,0.13223800813917533
2,7,6,0.23670945442317168,0.1579839745453492
2,7,7,0.21895944987352411,0.15851810548030554
2,7,8,0.21840826882019956,0.16009085579599674
2,7,9,0.20088246383761674,0.164345367227986
2,7,10,0.2329179868895667,0.1956852908379246
2,7,11,0.25776709469912346,0.20745143050628334
2,7,12,0.25720228809262463,0.18739615883521438
2,7,13,0.23089455685386834,0.21779791526900208
2,7,14,0.2621187569333548,0.23594475547381538
2,7,15,0.25720418992078714,0.2212952967997833
2,7,16,0.28718807439365707,0.2337714960047105
2,7,17,0.2343141287566448,0.20628572909438475
2,7,18,0.30123075896297785,0.2584840185875709
2,7,19,0.3044356368990379,0.25655527092312586
2,7,20,0.32343332719370155,0.26768855005195324
2,7,21,0.30212798012268804,0.27234437016981833
2,7,22,0.3089959858749102,0.289847518347155
2,7,23,0.31507313277967575,0.2582639732733989
2,7,24,0.3337247801484647,0.28622557219683953
2,7,25,0.33010439203928515,0.2780562883649173
2,7,26,0.4042122122446619,0.26505160766122826
2,7,27,0.41837641167921197,0.25861468459030934
2,7,28,0.370571668116644,0.2457978075925008
2,7,29,0.33872125107349493,0.22338610319633911
2,7,30,0.3801985653037473,0.2168858751672988
2,7,31,0.3283790778875188,0.20113680922085062
2,7,32,0.34385538098176155,0.20196918182077062
2,7,33,0.3875919746896856,0.20609803281323444
2,7,34,0.38303186938905787,0.2111719355625011
2,7,35,0.341896261681055,0.20626164566358401
2,7,36,0.348584897085996,0.1826513772891813
2,7,37,0.3491087531682703,0.19766711794015776
2,7,38,0.3778152423345871,0.21827261388934333
2,7,39,0.3820962804357807,0.2012579669125591
2,7,40,0.3588801218355783,0.21623885286571795
2,7,41,0.40399489473217276,0.2110331074475547
2,7,42,0.4172910023440772,0.22222673463239756
2,7,43,0.42370919826982467,0.19704677696732487
2,7,44,0.45045617264525833,0.20381780685165554
2,7,45,0.4738298170332508,0.17123460044016717
2,7,46,0.467620463214522,0.17410694536323892
2,7,47,0.43656575530981984,0.16463640826244302
2,7,48,0.4718815318572997,0.16606841522594082
2,7,49,0.44450356040791406,0.16584822008989444
2,7,50,0.4488028751388296,0.15219654394701046
2,7,51,0.4546416321814715,0.1534979542769875
2,7,52,0.4208220836001994,0.1443548857217393
2,7,53,0.41570999260495,0.1426662825246147
2,7,54,0.3918217936809813,0.12342860702653576
2,7,55,0.4442273105571817,0.13638351869386667
2,7,56,0.40930235040494006,0.1351285717114448
2,7,57,0.39179086794234524,0.13233398719664585
2,7,58,0.4268323624836719,0.12498141460356381
2,7,59,0.4044137534223603,0.12350988488185564
2,7,60,0.4126751784553466,0.12290046147003941
2,7,61,0.4711698924115668,0.13327871292146784
2,7,62,0.41806482764600766,0.14575137843254468
2,7,63,0.41914590562763493,0.1469229271678151
2,7,64,0.4326124205689845,0.12528540960170192
2,7,65,0.41536674467050905,0.1243481844375339
2,7,66,0.4174270574878754,0.12305756655614325
2,7,67,0.422992517416092,0.11199640881460396
2,7,68,0.4324368427116526,0.12448633195332551
2,7,69,0.4149813351061166,0.12100437175956857
2,7,70,0.45222022144541024,0.1264469553356842
2,7,71,0.49486286206789354,0.12600438405987105
2,7,72,0.4453641734728218,0.1318802676724057
2,7,73,0.3988704734955124,0.11782938914319001
2,7,74,0.450961471946949,0.12360346790962978
2,7,75,0.4227152643534092,0.11320670144070526
2,8,1,0.10553078894656011,0.3149281258742946
2,8,2,0.09012401620183719,0.2635421270544547
2,8,3,0.09520625140101369,0.32319127813787707
2,8,4,0.10542059598688551,0.31651808354253413
2,8,5,0.11675306291399604,0.40423174264705086
2,8,6,0.09599092990693726,0.40517769649901086
2,8,7,0.11898991384406693,0.4629511082025169
2,8,8,0.10513220060750224,0.460559088498692
2,8,9,0.1162417244209269,0.5118728062451401
2,8,10,0.1262777361112348,0.517141648218151
2,8,11,0.10641878218891349,0.4728144373373932
2,8,12,0.11509692263909278,0.4965234925936332
2,8,13,0.12085593244191072,0.5020615133939446
2,8,14,0.1223740081538039,0.5045306870952593
2,8,15,0.143830668376378,0.5642232021117903
2,8,16,0.12521846177019433,0.5723131795249107
2,8,17,0.1375190422378644,0.5793697323085162
2,8,18,0.10968362877915497,0.5434162739500674
2,8,19,0.13099243653670894,0.6049893014874502
2,8,20,0.11585843986858504,0.5784876628885287
2,8,21,0.12466926967749892,0.5744912643249845
2,8,22,0.11925736859084535,0.6101737065087844
2,8,23,0.11726151300760457,0.6023574768419303
2,8,24,0.11594656645249078,0.6012080483041916
2,8,25,0.10737219662566032,0.6197124572560346
2,8,26,0.11987438810448595,0.6303241251636608
2,8,27,0.11600653983096497,0.6135505162771507
2,8,28,0.1361511507916681,0.6275808010302946
2,8,29,0.11654186915895676,0.6388985606751278
2,8,30,0.1034564056416164,0.618121752067566
2,8,31,0.1110608925555093,0.653339318610098
2,8,32,0.10511981009167404,0.6244495270051844
2,8,33,0.11063257307770823,0.6654362401598819
2,8,34,0.10989502747137721,0.6164508882588096
2,8,35,0.10336046665470935,0.6130782762890356
2,8,36,0.10920342496782356,0.6227966824333036
2,8,37,0.10347816403853684,0.6667889033004507
2,8,38,0.10148057316645606,0.6965902650898518
2,8,39,0.09998807232923274,0.7028880170532916
2,8,40,0.09746102386279519,0.6551921393541428
2,8,41,0.08339060587853488,0.666938195157913
2,8,42,0.09363859851674045,0.6820618341844973
2,8,43,0.09269982385076739,0.6384965269741221
2,8,44,0.09110704208861947,0.6862861062952857
2,8,45,0.09344113906170583,0.6754166981322124
2,8,46,0.08474112938227585,0.6563366628421791
2,8,47,0.07894742251756492,0.6950872114100637
2,8,48,0.08442322866957683,0.6968807269603806
2,8,49,0.0770444921477365,0.675651931431411
2,8,50,0.0755265591733988,0.6921480081686461
2,8,51,0.08100379203284953,0.6337234190471734
2,8,52,0.07247203152400161,0.6892597658881945
2,8,53,0.07372503005121396,0.6544492541492193
2,8,54,0.07060547756135742,0.693717982436463
2,8,55,0.06993791932941897,0.6727764100133136
2,8,56,0.07756880929648204,0.7066173401280991
2,8,57,0.06709014116820565,0.7028603088004386
2,8,58,0.06852755452056289,0.6795972642012691
2,8,59,0.06588951146549414,0.7130890488383526
2,8,60,0.05603189021318949,0.7309532679209125
2,8,61,0.05717330844615288,0.7507844765517844
2,8,62,0.05900507966415563,0.7810682653558763
2,8,63,0.0477728628321216,0.7996199637623218
2,8,64,0.03828473043408108,0.7747803347526191
2,8,65,0.03763525713792011,0.7766073775795669
2,8,66,0.031657107227441264,0.8160420216371557
2,8,67,0.026787497313624644,0.8077558896604966
2,8,68,0.023211213571841142,0.8465904775933422
2,8,69,0.0179727355982457,0.8298763753258928
2,8,70,0.018178753690008674,0.7943844811195402
2,8,71,0.014066366762262273,0.8197980398393467
2,8,72,0.010806279663062439,0.8578340231174109
2,8,73,0.009546688127634522,0.88796934024391
2,8,74,0.007690347565940073,0.8940190385947304
2,8,75,0.005415404265651809,0.8684539538777454
